<?xml version="1.0" encoding="UTF-8"?>
<project-private xmlns="http://www.netbeans.org/ns/project-private/1">
    <editor-bookmarks xmlns="http://www.netbeans.org/ns/editor-bookmarks/2" lastBookmarkId="0"/>
    <open-files xmlns="http://www.netbeans.org/ns/projectui-open-files/2">
        <group>
            <file>file:/C:/Users/DUONG%20TUAN%20KIET/Documents/NetBeansProjects/CS311AA_DuongTuanKiet_QuanLiKhoHoaQua/src/CacClaasCuaKiet/Grade.java</file>
            <file>file:/C:/Users/DUONG%20TUAN%20KIET/Documents/NetBeansProjects/CS311AA_DuongTuanKiet_QuanLiKhoHoaQua/src/GiaoDien/DangNhapDialog.java</file>
            <file>file:/C:/Users/DUONG%20TUAN%20KIET/Documents/NetBeansProjects/CS311AA_DuongTuanKiet_QuanLiKhoHoaQua/src/GiaoDien/QuanLySoLuongDialog.java</file>
            <file>file:/C:/Users/DUONG%20TUAN%20KIET/Documents/NetBeansProjects/CS311AA_DuongTuanKiet_QuanLiKhoHoaQua/src/GiaoDien/KhoHoaQuaDialog.java</file>
            <file>file:/C:/Users/DUONG%20TUAN%20KIET/Documents/NetBeansProjects/CS311AA_DuongTuanKiet_QuanLiKhoHoaQua/src/GiaoDien/BieuMauCuaKiet.java</file>
            <file>file:/C:/Users/DUONG%20TUAN%20KIET/Documents/NetBeansProjects/CS311AA_DuongTuanKiet_QuanLiKhoHoaQua/src/CacClaasCuaKiet/KhoHoaQuaDAO.java</file>
            <file>file:/C:/Users/DUONG%20TUAN%20KIET/Documents/NetBeansProjects/CS311AA_DuongTuanKiet_QuanLiKhoHoaQua/src/CacClaasCuaKiet/NguoiDungDAO.java</file>
            <file>file:/C:/Users/DUONG%20TUAN%20KIET/Documents/NetBeansProjects/CS311AA_DuongTuanKiet_QuanLiKhoHoaQua/src/cs311aa_duongtuankiet_quanlikhohoaqua/CS311AA_DuongTuanKiet_QuanLiKhoHoaQua.java</file>
            <file>file:/C:/Users/DUONG%20TUAN%20KIET/Documents/NetBeansProjects/CS311AA_DuongTuanKiet_QuanLiKhoHoaQua/src/CacClaasCuaKiet/NguoiDung.java</file>
            <file>file:/C:/Users/DUONG%20TUAN%20KIET/Documents/NetBeansProjects/CS311AA_DuongTuanKiet_QuanLiKhoHoaQua/src/CacClaasCuaKiet/KhoHoaQua.java</file>
            <file>file:/C:/Users/DUONG%20TUAN%20KIET/Documents/NetBeansProjects/CS311AA_DuongTuanKiet_QuanLiKhoHoaQua/src/CacClaasCuaKiet/GradeDAO.java</file>
        </group>
    </open-files>
</project-private>
